age,race_ethn,sex,mig_Din,mig_Fin
0,B,F,0,0
0,B,M,0,0
0,H,M,0,0
0,W,F,15,2
10,O,F,0,0
10,O,F,0,0
10,S,F,0,0
32,B,F,0,0
32,H,M,303,44
32,O,F,0,0
32,O,M,2,0
32,S,M,1,0
32,W,M,0,0
72,B,M,0,0
72,H,M,0,0
72,O,M,0,0
72,S,F,0,0
72,W,F,71,11
72,W,M,60,10
100,H,M,0,0
100,O,F,0,0
100,S,F,0,0
100,W,M,0,0
100,W,M,0,0
